periodo,molienda_cereales_y_oleaginosas,resto_de_alimentos,bebidas,tabaco,textil_indumentaria_y_cuero,madera_papel_y_edicion,refinacion_de_petroleo,quimicos,caucho_y_plastico,minerales_no_metalicos,metales_basicos,metalmecanica,automotriz,resto_de_industria,total_industria
2011-01-01,105950.415,137730.3799999999,55957.33900000002,2889.54,71818.33400000002,114894.2940000001,60890.927,220715.7929999999,81499.37999999999,155531.2660000001,233236.9700000001,23631.132,32582.029,1248.96,1298576.759
2011-02-01,95631.15899999997,139808.6269999999,51306.34700000001,3339.34,78421.27900000005,111749.47,57823.89500000002,202955.5789999999,78907.05599999998,143218.2819999999,283461.3700000001,24331.614,38989.885,1148.86,1311092.763
2011-03-01,116560.021,146819.1590000001,50576.17799999998,3466.59,78679.56600000002,119050.683,59893.73799999998,212629.4209999999,82878.60400000001,167608.73,301485.2199999997,26500.40900000001,44643.78999999999,1090.983,1411883.092
2011-04-01,126575.304,144261.2400000001,45988.16900000004,3482.08,75926.52499999998,117556.701,59897.999,207497.521,83355.49000000001,171568.89,298785.1059999999,26589.55699999999,44512.53700000001,1018.559,1407015.678
2011-05-01,130529.224,144015.7940000001,40661.49799999998,3428.7,77643.101,120521.413,63019.99,217664.928,85235.08799999995,181165.645,329333.99,27063.392,46515.01600000003,982.3500000000001,1467780.129
2011-06-01,125348.141,137093.1399999999,37025.202,3254.72,76433.09699999999,114050.94,57895.05900000002,205085.431,82767.296,162376.4859999999,329282.3050000002,26693.631,46613.17099999999,887.326,1404805.945
2011-07-01,115670.201,137629.179,40619.885,2459.37,75022.91,119925.941,64270.06600000001,194071.2339999999,82479.57000000001,162868.6730000001,338499.9770000001,26907.384,46506.235,816.917,1407747.542
2011-08-01,118512.708,142972.3209999999,44453.673,2567.35,75191.7180000001,124992.86,62639.15299999998,206738.155,87235.62299999999,168464.879,316381.6880000002,28363.702,47854.10800000001,966.5990000000002,1427334.537
2011-09-01,124101.124,141821.1440000002,45388.327,2613.34,74535.16699999999,121553.184,58945.821,212911.721,84923.55399999997,184163.664,288189.1250000001,26716.441,46889.14999999998,907.5500000000001,1413659.312
2011-10-01,117499.9639999999,142408.32,48954.37500000001,2458.81,74752.27400000002,124479.489,61299.029,221509.509,87844.204,181275.742,318643.676,26537.632,45781.66200000001,974.477,1454419.163
2011-11-01,112284.5549999999,143162.468,52600.21600000003,2843.7,77829.67400000003,120009.53,62077.072,214540.82,87132.02500000001,178671.2119999999,306443.0059999999,26811.749,46698.32999999999,1119.625,1432223.982
2011-12-01,108497.5,139474.9069999999,55322.40200000002,3155.7,61179.044,117545.261,64552.191,224971.1460000001,82645.14199999998,179743.496,282989.735,24323.684,41308.95000000001,1194.83,1386903.988
2012-01-01,110652.148,143725.1450000001,57054.13900000003,3937.4,63021.52699999998,122457.768,57536.277,223533.0730000001,78911.98500000007,166233.587,221642.1749999999,23284.236,37127.43000000001,1056.561,1310173.451
2012-02-01,101523.3740000001,140884.044,53425.17099999999,4239.3,71818.87000000001,117111.205,56090.97399999999,214054.3,77755.59500000003,155559.6959999999,291620.968,23438.497,39409.83300000001,1033.391,1347965.218
2012-03-01,110264.3110000001,150939.5880000001,55687.028,5108.4,81992.71499999997,128422.57,57808.70499999999,222291.4790000001,90345.85800000004,174067.872,327614.7820000002,27449.63100000001,45035.74700000002,1012.043,1478040.729
2012-04-01,122399.81,139911.382,45162.37800000002,4341.400000000001,75408.92099999997,116482.023,53956.30500000001,208648.2959999999,82709.05300000004,175870.7920000001,312235.078,25708.464,42651.38200000001,925.6630000000001,1406410.947
2012-05-01,127847.286,147946.1359999999,41397.39900000001,4563.4,78955.71599999996,119326.239,55506.72599999999,218000.7980000001,84138.87700000004,174324.7039999999,304339.8020000001,26004.789,43175.114,855.106,1426382.092
2012-06-01,131092.3730000001,140622.117,36371.99900000001,3527.1,77792.37499999991,116980.566,56072.14600000001,200426.914,84440.73299999999,168891.971,327050.664,26158.899,43585.79900000001,943.816,1413957.472000001
2012-07-01,118527.146,142255.3619999999,40676.59799999998,3577.4,78805.34300000007,119480.973,63414.29100000001,200763.716,83408.06999999999,163265.15,287849.954,26107.50000000001,45896.46699999999,923.811,1374951.781
2012-08-01,112562.523,147614.3149999999,44954.948,3627.7,81556.768,122022.097,58842.43200000001,206911.558,89546.80700000002,163501.402,295691.1170000002,27073.416,47347.05299999999,1022.812,1402274.948
2012-09-01,106370.473,139951.47,43666.04800000004,3451.3,78381.84999999996,120902.374,59523.55999999999,214811.8429999999,91394.11399999999,179277.506,293425.3799999998,25423.57,44405.01200000001,1048.896,1402033.396
2012-10-01,100985.653,145860.854,47865.07299999999,3780.1,81350.52699999999,123553.5279999999,60873.39499999999,218967.484,91263.95399999998,183004.192,320131.5740000001,26006.12,46202.941,967.3529999999998,1450812.748
2012-11-01,97192.60399999993,148007.272,52500.94100000001,3852.6,82925.344,119890.652,58102.434,217144.703,93429.47500000005,170101.548,304459.099,26544.521,46279.82700000002,1093.875,1421524.895
2012-12-01,90477.20300000001,138250.824,56532.72900000002,3903,66724.946,115209.472,58241.21200000001,221076.5820000001,84320.24699999993,171829.59,258411.6240000002,23048.113,40481.27800000001,1002.067,1329508.887
2013-01-01,89663.82999999999,146455.0799999999,56733.31200000001,4471.700000000001,67760.45700000002,113097.428,58676.899,210401.5310000002,85614.54599999993,161658.962,229062.624,21992.17600000001,33441.91800000001,1025.487,1280055.95
2013-02-01,80628.38499999998,138687.529,51574.17799999999,4198.6,67135.95800000001,108665.4,54761.76699999999,203634.4810000001,78278.21999999997,157134.926,236981.295,22044.52000000001,40603.97700000001,943.888,1245273.124
2013-03-01,91959.17600000001,147541.9449999999,54109.464,4898.700000000001,78501.44499999993,115681.79,59586.35599999999,221316.3309999998,88167.425,175531.398,302002.0219999999,25867.31399999999,45425.58400000001,846.191,1411435.140999999
2013-04-01,112977.872,150937.941,44147.33799999998,4560.900000000001,79810.98199999993,111882.161,63726.541,214369.8750000002,88094.94800000003,170157.164,280039.7899999999,25886.283,44145.283,849.129,1391586.207
2013-05-01,121135.92,153899.8769999998,43751.40500000001,4780.4,81253.83999999998,118186.856,66966.47,226144.301,91238.69699999997,181703.34,292850.4390000001,27203.33700000001,47262.45700000001,903.4619999999999,1457280.801
2013-06-01,125936.895,142132.875,38236.50300000001,3378.9,78440.55,116163.1810000001,68676.19400000002,202744.8160000001,84462.68399999999,174123.8700000001,261061.7399999999,24738.677,43394.874,941.0820000000001,1364432.841
2013-07-01,113975.865,147405.469,43073.516,3615.599999999999,81268.47499999999,112228.286,69955.98500000002,185203.189,88850.18199999994,167859.0940000001,274346.8970000001,26700.864,45942.86799999999,1092.169,1361518.459
2013-08-01,113938.406,149034.0610000001,44155.34499999999,3658.5,82438.86799999996,119670.19,68572.15400000001,203435.975,90825.61599999994,181242.545,291836.847,26690.10200000001,46287.86800000002,1136.608,1422923.085
2013-09-01,109154.1599999999,141836.1220000001,47149.46100000003,3419.3,82463.67600000004,121215.249,66523.45799999998,212145.261,90379.96099999995,186429.189,303004.3580000002,25779.414,45788.80100000001,1114.396,1436402.806
2013-10-01,92073.00099999992,147832.9599999998,51468.41900000001,3696.8,84168.39900000003,126814.895,65367.035,227401.4510000002,91572.29100000003,188259.799,326415.488,25963.77499999999,46294.698,1119.859,1478448.87
2013-11-01,83231.43600000002,145979.753,53475.11500000001,3639.4,83612.67400000001,121925.187,67723.70200000002,221980.3069999999,91715.64799999994,185320.724,320544.917,25818.49,44330.21000000003,1164.135,1450461.698
2013-12-01,77245.70599999998,144615.917,57077.59399999999,3975.599999999999,73578.66000000002,116579.076,70634.93299999998,230160.856,84228.71800000001,180652.314,281884.19,23135.589,39075.07500000002,1115.147,1383959.375
2014-01-01,88296.32100000004,145430.8269999999,60326.00999999999,4339.3,65820.85800000002,117984.453,71028.99200000001,232100.0250000001,84290.55999999995,160668.1829999999,232484.003,22354.565,30492.036,1173.128,1316789.261
2014-02-01,88451.95499999999,143445.6959999999,55165.12600000003,4243,73459.07499999998,111607.552,59153.52099999999,208951.0080000001,78198.24299999999,150916.7599999999,247904.475,21854.862,40371.10300000001,1102.591,1284824.967
2014-03-01,98740.19500000005,143380.8740000002,50154.96000000002,4592.1,77703.94500000001,118742.567,63015.33100000002,218838.6680000001,82474.65700000008,171582.439,292649.8780000001,24052.642,38508.14999999998,812.938,1385249.344000001
2014-04-01,112168.392,143100.78,46162.72100000002,4671.5,77167.01599999997,108127.004,63835.61300000001,216556.519,83896.90200000003,176303.8539999999,307215.6120000001,24628.569,38074.236,942.0970000000001,1402850.815
2014-05-01,122627.895,144599.6550000001,44186.86699999999,4641.6,76682.28000000003,110598.044,70051.37,226569.922,84634.00799999997,180904.672,323127.749,24991.486,35418.07900000001,955.898,1449989.525
2014-06-01,120032.021,139708.3049999999,38677.75499999999,4267,76416.23300000001,110687.878,64039.404,215632.0500000002,83784.64999999997,170267.369,335992.9019999999,24765.47200000001,36506.447,1072.099,1421849.585
2014-07-01,113652.375,149731.4290000001,42954.77,4151.5,76796.44499999998,116061.846,70880.16999999998,205936.629,82108.50900000003,166941.61,324120.9209999999,24814.188,36322.01499999998,1082.588,1415554.995
2014-08-01,110442.722,146367.9430000001,45538.065,3381.2,77651.67600000001,115063.596,72421.57399999998,205330.7609999999,82283.39100000006,172545.241,295403.176,24076.451,35530.73099999999,1073.542,1387110.069
2014-09-01,106684.101,140813.3800000001,50423.12500000001,3562.6,76868.01999999999,118438.7439999999,69789.016,221904.863,87236.14299999997,174723.5789999999,287646.1989999999,24498.28199999999,37319.29700000001,1029.33,1400936.679
2014-10-01,115426.099,147576.761,53829.56400000001,3757.6,77063.281,120968.84,68222.394,230324.688,91175.89899999993,184973.6179999999,304203.442,25253.952,39191.43800000001,1117.022,1463084.598
2014-11-01,93913.85900000004,141797.5030000001,54192.033,3651.5,76504.12100000006,110427.9890000001,64480.54599999999,217846.9390000001,86311.99999999994,180288.596,318139.0739999999,24300.297,39209.33700000001,1088.835,1412152.629
2014-12-01,90395.90200000002,142301.1140000001,57552.226,3971.5,65475.98400000005,110488.096,66049.10899999998,222047.477,80071.34500000003,178104.9020000001,288432.0300000001,23014.062,35868.856,1195.974,1364968.577
2015-01-01,92475.633,147262.775,58249.36200000002,4293.8,59951.86500000003,109809.6849999999,69794.73500000002,226044.0829999997,76524.531,166865.5520000001,214846.364,21589.396,30780.179,1168.424,1279656.384
2015-02-01,93796.86499999998,146723.0420000001,50017.43300000001,4273.55,67781.46200000001,107168.703,64429.19700000001,199868.0139999999,81060.478,155879.926,225829.0550000001,22366.52799999999,36085.18800000002,1323.364,1256602.805
2015-03-01,99258.87799999998,158841.889,54103.77299999999,4931.1,76558.47900000008,118042.16,71199.083,230557.7149999999,86105.92900000003,177767.8060000001,257350.006,24866.669,39774.76899999999,1140.174,1400498.43
2015-04-01,117622.9589999999,153355.8519999999,51548.56200000001,4803.81,75483.84899999996,117586.725,69871.85700000002,223282.2750000001,85915.36799999997,180458.3039999999,234309.845,24890.21,38266.98199999998,1200.167,1378596.765
2015-05-01,87894.82100000003,150822.501,47391.92499999999,4787.1,76365.67900000005,116268.164,72303.01000000001,226539.083,85809.99500000005,186022.558,247147.0910000001,24933.89100000001,38065.59900000001,1137.415,1365488.832
2015-06-01,116394.1829999999,143802.906,42342.421,4504,77057.87999999992,116077.39,66687.83099999999,211255.1179999999,86771.36599999998,182599.162,274996.334,25651.801,41026.252,1147.795,1390314.439
2015-07-01,121578.81,145810.985,44613.90200000001,3988.059999999999,77293.64800000004,123635.628,68866.91800000001,188923.5360000001,86224.985,177686.916,269931.9920000001,26466.629,40253.249,1185.387,1376460.645
2015-08-01,120394.744,142985.248,46523.825,3794.48,77410.32099999998,116032.264,66904.57500000001,210721.6250000001,87053.639,173393.296,301705.4540000001,25280.273,39566.38699999998,1130.832,1412896.963
2015-09-01,111927.62,142238.4889999999,48865.23599999999,3833.75,78596.83200000001,117812.6359999999,69612.53299999998,205832.3450000001,87671.192,185025.4519999999,263774.6139999999,26138.327,40911.62900000001,1203.422,1383444.077
2015-10-01,106472.669,139196.1170000001,49979.37299999999,3705.86,78251.899,121403.9989999999,68573.90000000001,217125.7640000001,86327.52500000001,192269.934,312839.4390000001,25433.53400000001,38960.874,1033.801,1441574.688000001
2015-11-01,105090.6480000001,136908.429,50568.075,3601.28,79065.26999999996,120353.418,68479.89599999999,215604.1070000001,88542.03599999999,185146.193,280676.5109999999,25504.407,38652.001,1154.733,1399347.004
2015-12-01,95628.47500000002,139089.894,56862.79700000002,3982.05,67721.16499999994,113233.272,72237.761,219761.6789999999,78697.46400000004,181306.484,228701.132,22549.248,34652.882,1119.799,1315544.102
2016-01-01,107988.865,138989.7760000001,56911.57900000001,4236.05,57961.88400000003,115401.504,72325.79300000001,215140.529,78881.28099999999,168124.18,197977.748,21131.89,32683.945,1168.826,1268923.85
2016-02-01,93954.91300000002,142039.621,54697.24900000002,4279.349999999999,73232.12500000007,110698.402,67963.524,205733.7500000001,77615.70600000002,166315.814,202687.0330000001,22605.726,36780.47199999999,1151.553,1259755.238000001
2016-03-01,112241.478,148410.2339999999,53705.31500000001,4679.590000000001,78258.39500000002,107503.481,72954.25100000003,214771.096,85981.19200000002,173436.089,184226.846,23837.64600000001,41679.202,1076.207,1302761.022
2016-04-01,110470.128,141367.637,47083.215,4554.12,74667.133,112553.904,70050.21000000002,207064.393,83696.18399999999,170146.2980000001,182934.114,23994.348,38886.311,1119.355,1268587.35
2016-05-01,114854.076,137549.624,40335.33599999999,4401.87,70368.99900000003,111818.023,70264.982,216937.9029999999,79647.32200000003,165799.172,215841.17,23588.979,38711.95799999999,1074.897,1291194.311
2016-06-01,114082.709,131263.756,34444.33399999999,3761.74,67433.35700000002,109722.808,64287.99200000001,183344.64,73865.18800000005,159982.499,210067.5409999999,22081.153,37842.24199999998,1100.416,1213280.375
2016-07-01,108314.863,134960.491,40943.25900000001,3076.06,67464.09600000005,103394.668,72057.58500000002,200933.0840000001,74432.02900000005,178425.0349999999,198311.421,21625.564,38243.38500000001,991.5690000000002,1243173.109
2016-08-01,109047.888,142130.6020000002,45149.79700000001,3285.84,71051.621,104740.843,70643.72300000001,204819.3049999999,79721.42400000003,159437.383,177587.071,22218.358,40184.543,1146.577,1231164.975
2016-09-01,108190.307,134415.3290000002,48066.858,3339.55,66746.97699999996,105101.257,65645.936,205809.5350000002,78887.18600000005,164634.162,190596.741,21824.687,38480.71299999999,1058.036,1232797.274
2016-10-01,102282.8529999999,133160.328,49627.787,2823.23,64552.61999999997,112349.542,66916.431,212073.2159999998,81078.09300000001,167456.612,211215.564,22198.197,39104.53800000002,1065.82,1265904.831
2016-11-01,103876.847,137600.22,51134.45700000002,3241.41,67732.32299999999,107280.061,65279.01100000001,216928.3479999999,82479.23300000001,168027.651,210741.9950000001,22489.35000000001,41318.308,1071.434,1279200.648
2016-12-01,88909.50299999995,140028.1849999999,57210.41400000001,3438.440000000001,54241.14299999995,98664.96400000001,64503.76900000001,217094.972,79420.83200000001,171601.998,185246.973,19993.994,39775.43299999999,1264.246,1221394.866
2017-01-01,92973.68399999999,142842.7579999999,59037.27100000002,3994.37,53861.458,99947.91500000012,69253.05100000005,226858.057,78826.41399999998,155702.934,151822.4740000001,18827.005,32738.36399999999,1201.02,1187886.775
2017-02-01,91189.076,139597.3940000001,52492.786,3532.35,63805.65600000002,103680.1009999999,59802.339,206708.734,72069.24099999999,154856.42,166703.3389999999,20862.083,34262.46800000001,1156.661,1170718.648
2017-03-01,108910.9889999999,151522.442,55664.33199999997,3686.44,71848.16199999998,108320.337,67399.29000000001,229890.0300000001,83257.588,171832.5150000001,234741.3050000001,23468.22199999999,41508.82000000001,1237.197,1353287.669
2017-04-01,107877.2059999999,140943.861,45634.94899999999,3013.5,65484.446,104083.627,64975.15900000001,217495.456,79209.4160000001,169178.825,220542.287,21953.07,36803.943,1034.672,1278230.417
2017-05-01,113717.1200000001,135164.736,42887.66399999998,3226.26,68812.77099999999,108597.3,67067.64900000002,220786.9289999999,81508.216,171937.59,226154.1629999999,23755.293,39687.233,1020.799,1304323.723
2017-06-01,107733.726,137010.5740000001,39278.96300000001,3024.86,68059.93200000002,108092.7939999999,65623.01800000003,214904.3009999999,78917.54199999999,159416.738,218159.81,23620.624,39785.19399999999,986.1759999999999,1264614.252
2017-07-01,108379.667,138001.653,43608.74300000001,3245.19,69658.46000000004,114396.524,60331.81999999999,208293.683,79572.88300000005,171935.9480000001,231958.083,24266.441,38210.06000000001,936.049,1292795.204
2017-08-01,104256.953,142617.114,45958.79,3316.3,70163.26899999996,113307.8209999999,66544.982,224363.2080000002,83302.28700000001,177181.3,236869.1900000001,25095.896,40017.95,1056.654,1334051.714
2017-09-01,94173.378,136552.9200000001,46394.63500000001,3161.08,69472.50600000007,112271.738,61922.14400000001,218381.019,82919.57199999997,175007.635,256643.2189999999,23364.136,38735.022,961.6589999999999,1319960.663
2017-10-01,103748.968,137790.3510000001,49494.651,3106.53,68992.16600000001,112624.6530000001,62212.30300000002,224053.1470000001,82809.53900000009,185413.296,249521.549,23554.624,39303.87399999999,948.4010000000001,1343574.052
2017-11-01,92265.12799999997,140377.9229999999,54214.75699999999,3132.97,70479.72399999999,109838.635,51449.438,218815.7849999999,82219.106,183663.37,270755.1220000001,23819.601,39710.04299999999,1028.617,1341770.219
2017-12-01,78400.07900000001,138544.626,57124.41900000002,3095.61,62460.59699999999,103033.631,67155.71700000002,226024.7080000001,77212.46899999998,181050.173,230385.043,21988.086,35990.459,1142.585,1283608.202
2018-01-01,88997.78499999996,142092.1429999999,60314.892,3535.53,55935.39899999999,106274.279,63541.64599999999,224374.963,74509.57600000003,175299.2439999999,199047.3769999999,20624.625,29574.434,1120.567,1245242.46
2018-02-01,88889.89499999996,140040.7090000001,52176.60400000001,3101.09,57854.96399999999,105397.1949999999,56535.49200000002,199362.061,73312.46000000004,164567.276,246320.495,21057.809,37973.65999999999,1227.476,1247817.186
2018-03-01,99693.44200000001,148057.2530000001,55196.10900000001,3215.36,68433.628,113365.67,63376.857,220956.4770000002,79345.4159999999,181250.349,283873.917,22570.783,41390.42400000001,1109.972,1381835.657000001
2018-04-01,101453.662,148844.3480000001,49395.31099999999,2945.7,65484.48099999999,108186.682,61071.75000000003,215372.7190000001,78404.38899999997,182103.0119999999,282420.2830000001,22899.936,39867.25299999999,1237.99,1359687.516
2018-05-01,108072.647,144448.8660000001,44560.60999999998,2947,62875.86399999998,108464.464,57285.385,221282.5969999999,78293.54500000003,178238.922,286818.6070000001,21900.929,38847.764,1245.167,1355282.367
2018-06-01,97601.79600000007,132730.114,36799.57299999999,2500.47,60490.41,109152.49,60283.01500000001,196319.3,70413.62500000003,166704.6499999999,267780.6990000001,19484.619,36126.11399999999,1199.835,1257586.71
2018-07-01,92567.18499999997,137920.5819999999,41156.49999999997,2676.09,60732.83699999998,106650.135,62980.665,190803.7300000001,70203.856,159503.734,273585.577,20120.833,38065.70300000002,1223.968,1258191.395
2018-08-01,90180.53699999997,141798.6230000001,43235.81399999998,2630.03,60185.36299999993,106948.985,68136.24299999999,197995.4100000001,74322.97899999998,172262.2369999999,283065.7019999998,21592.712,39769.32899999999,1277.523,1303401.487
2018-09-01,87679.7120000001,135198.4290000001,41885.12300000001,2432.21,56150.79100000003,105049.382,70351.72200000002,203108.006,71216.43799999999,173720.791,264207.5249999998,18514.029,34901.311,1172.069,1265587.538
2018-10-01,91643.76300000002,138329.7620000001,48129.63599999998,2789.63,54042.42699999995,106643.3850000001,63793.81600000001,210871.3180000001,71196.53599999998,171477.5859999999,279036.172,19007.84499999999,36711.45000000001,1086.478,1294759.804
2018-11-01,93050.67900000002,139676.853,47941.15200000002,2887.65,50818.82700000003,102838.851,60563.454,208826.749,70082.95600000001,166497.9659999999,281040.749,19815.911,35857.55000000002,1125.192,1281024.539
2018-12-01,82397.47099999999,136030.9540000001,47713.11000000001,2458.2,39761.862,92929.14500000002,65287.905,214302.345,63135.52599999998,168658.965,177066.9970000001,17790.016,28452.61800000001,1097.457,1137082.571
2019-01-01,86312.89399999997,143045.543,51379.891,3354.110000000001,35793.40799999998,95542.819,66267.91100000002,212502.896,64554.61499999999,156812.4960000001,193980.089,14353.414,24599.00099999999,1183.382,1149682.469
2019-02-01,85888.91899999999,140584.0060000001,46735.712,2899.61,51148.45,97486.81900000002,58472.56700000001,198692.6700000002,65352.331,153734.6569999999,182255.819,18362.961,33723.70800000001,1307.475,1136645.704
2019-03-01,93651.35599999999,142828.9540000002,46469.39599999999,2674.01,56407.08100000001,101602.5169999999,64453.736,216044.091,64505.41700000002,171028.656,251233.063,19392.38,30505.267,1019.159,1261815.083000001
2019-04-01,119729.644,142540.5449999999,46352.25499999999,2442.2,57444.242,96515.35600000007,51152.12499999999,204967.3520000001,64655.45199999998,167350.46,266748,19839.529,30738.009,1057.984,1271533.153
2019-05-01,118335.735,143839.9330000001,38836.24299999999,2571.7,58604.24699999999,100545.168,63676.43199999999,207100.6130000002,66961.51900000001,169010.412,260830.9820000001,21462.97399999999,31332.91299999999,955.0940000000001,1284063.965
2019-06-01,114988.698,134643.1550000001,34907.666,2079.18,56821.684,99026.69600000001,59653.06000000003,182269.654,61377.55299999998,148643.061,244301.7080000001,20219.946,28000.22700000001,977.9150000000001,1187910.203
2019-07-01,113495.419,139135.0679999999,39750.09500000001,2456,61000.15500000001,101572.0370000001,60247.613,191732.7280000001,65569.24100000001,153536.375,259305.781,21382.59,30396.60299999999,1021.293,1240600.998
2019-08-01,101728.3970000001,140788.646,43034.18200000001,2492.930000000001,60901.18399999999,104567.37,68950.76400000001,195372.3050000001,65698.91699999994,173478.9950000002,284581.9510000001,20587.553,32225.823,1060.243,1295469.26
2019-09-01,86657.54800000001,130606.5060000001,47873.38700000003,2299.51,58870.99000000001,100561.964,65254.09100000002,184852.996,63817.204,174251.727,252172.3320000001,20059.835,30370.345,1148.548,1218796.983
2019-10-01,88081.10100000004,136500.8210000001,50194.85800000001,2503.83,59976.41800000003,106598.072,65670.73300000002,210054.665,67378.24299999999,172060.882,265412.3779999999,20347.02299999999,32392.701,1159.724,1278331.449
2019-11-01,82324.05000000002,139557.6780000001,51419.56300000001,2535.03,60609.274,103973.3849999999,62122.094,206746.2709999999,68053.33899999996,150331.345,245301.0680000001,20918.604,31641.582,1234.422,1226767.705
2019-12-01,71079.85799999998,137391.4440000001,55486.92600000001,2421.936,46752.50000000002,95561.55499999998,67738.41500000001,210138.6580000001,64519.54200000002,150963.8769999999,160841.379,18521.075,25592.203,1216.65,1108226.018
2020-01-01,83024.88600000003,140116.2450000001,60607.076,2884.443,48371.14599999998,96002.94200000004,65486.75300000003,212244.7320000001,60617.541,150687.9860000001,152989.542,18517.95,26602.13600000001,1127.279,1119280.657
2020-02-01,79082.27300000002,140118.9329999999,54219.73100000001,2672.765,55470.14700000003,94331.09900000009,59634.12899999999,196194.65,63628.68100000003,149829.804,178257.2289999999,20068.929,31983.37100000001,1113.427,1126605.168
2020-03-01,82536.86400000003,143233.884,52619.357,2238.445,43785.03399999998,87901.29400000001,61872.63300000002,214256.842,56165.22600000002,111947.55,148846.297,18431.455,25909.136,1205.546,1050949.563
2020-04-01,91174.38999999996,135796.302,41508.15000000001,592.145,16638.61500000001,80007.46600000007,53982.73999999999,178654.424,37713.15800000002,56328.97099999998,54997.01600000002,11525.504,8691.679,1074.971,768685.5309999998
2020-05-01,95261.17200000002,140758.9670000001,36664.82899999999,2230.244,32828.09900000001,90678.54699999998,59520.65500000001,199180.3780000001,52317.48500000001,103065.034,133480.193,16869.06,15990.847,1103.59,979949.1000000001
2020-06-01,90434.85000000002,134800.966,35904.85200000001,3201.423,44996.18100000005,87993.64499999999,60703.20099999999,184011.764,58098.20899999998,123950.499,151928.475,19561.321,25522.063,1226.007,1022333.456
2020-07-01,92862.21400000004,134582.9320000001,39955.37899999999,3008.744,51426.367,98595.86800000002,62691.201,200502.3140000001,58478.014,149711.2829999999,161766.0100000001,20215.31200000001,28705.35800000001,1135.911,1103636.907000001
2020-08-01,93982.43000000002,134759.74,43197.20900000001,2590.476,54363.92099999996,98391.80300000001,65973.09799999998,204440.4680000001,64885.04500000003,164058.223,175248.246,21609.842,30071.971,1211.451,1154783.923
2020-09-01,85377.927,132332.0980000001,44676.44600000002,2473.91,55280.797,100375.263,61055.30899999999,200252.2979999999,66906.07699999996,167474.3510000001,189046.0420000001,21564.094,31287.877,1209.464,1159311.953
2020-10-01,87419.86499999999,136896.5129999998,47641.93599999999,2339.043,60457.81299999999,100266.44,66561.73000000004,207403.811,69690.88000000005,180096.896,206524.9810000001,22335.356,31142.971,1144.151,1219922.386
2020-11-01,92381.405,138472.9359999999,49674.88499999998,2566.542,61426.24400000004,99715.61700000001,67483.42999999999,216716.199,72250.425,179484.2659999999,222285.3070000001,23420.597,33373.61699999999,1263.727,1260515.196999999
2020-12-01,45319.71500000001,135741.7099999999,55603.37999999998,2072.266,48246.60200000001,94722.784,69697.68699999998,218738.681,66054.00299999998,167692.509,213964.7779999998,21489.054,30680.168,1155.292,1171178.629
2021-01-01,81171.70800000003,138659.559,57891.48100000001,2372.933,52315.28100000003,87362.71599999996,73543.76299999998,217923.0250000002,69001.57799999998,170535.458,224704.758,20411.38,28235.496,1251.09,1225380.226
2021-02-01,87217.53199999996,136746.005,51912.551,2362.781,57647.93900000001,94869.18799999999,63543.39000000001,190028.6220000001,64653.28600000002,148620.279,193276.9429999999,22832.40399999999,30331.62800000001,1308.315,1145350.863
2021-03-01,100128.958,149468.6140000001,56472.35099999998,2888.938,64874.23300000001,100131.25,65023.51600000002,220686.0520000001,70685.247,176875.851,258049.291,23847.93199999999,37196.34699999998,1248.898,1327577.478
2021-04-01,95172.71700000005,145221.112,49587.38499999999,2570.746,61497.14499999998,95611.50499999995,56291.885,221211.8530000001,68028.35300000005,173545.037,228853.9569999999,22852.05,31902.847,1292.017,1253638.609
2021-05-01,99829.53599999995,141225.5130000001,42789.46699999998,2258.046,61085.09500000002,95954.35000000002,62521.06300000001,221632.265,65974.73999999996,169773.1459999999,279737.6640000001,22807.251,33802.672,1233.332,1300624.140000001
2021-06-01,96901.60799999999,134952.6500000002,42789.46800000003,2557.665,60105.92499999995,101658.963,65243.73700000002,211099.7100000001,67913.38999999994,168622.109,271404.6,23340.427,34764.156,1276.407,1282630.815
2021-07-01,100081.093,140449.514,41364.74,2245.614,62399.70600000001,106026.921,66511.81300000002,197491.698,67342.72600000002,170070.221,274060.6590000002,23790.66200000001,33788.63900000001,1238.363,1286862.369
2021-08-01,87659.03500000002,141356.9370000001,46480.28800000002,2453.893,62738.96800000002,101204.055,65706.07900000001,202271.0539999999,68700.35900000003,181348.0320000001,291276.323,24012.031,35181.95099999999,1323.829,1311712.834
2021-09-01,86864.82099999998,143247.349,48119.59599999998,2340.042,63804.38099999999,101954.7900000001,63654.37300000001,207215.5539999999,70098.01299999998,187087.1100000002,289857.17,23521.036,33965.27000000001,1249.254,1322978.759
2021-10-01,87837.25000000004,136924.9389999999,49454.52900000002,2285.76,62307.93900000003,104012.6240000001,66279.433,207069.9289999999,68953.94799999999,182928.8369999999,295538.996,22245.616,33899.422,1210.752,1320949.974
2021-11-01,85818.60699999997,140009.0769999999,54728.792,2412.832,63804.68599999999,104051.267,74061.49999999999,221861.99,71891.01299999998,186919.658,290208.4780000001,23297.992,36783.61700000001,1349.573,1357199.082
2021-12-01,69237.33600000002,139910.6880000001,59482.774,2294.206,50187.15300000001,97820.17700000005,74793.47500000001,225101.23,68772.26600000002,175981.129,279258.49,22842.087,35148.05700000001,1350.621,1302179.689
2022-01-01,74660.62100000001,138841.913,60571.578,2659.82,48248.39899999999,98147.60699999996,73442.23299999996,229777.1599999999,63843.59599999998,170342.564,223096.5890000001,20487.73900000001,26386.834,1316.734,1231823.387
2022-01-02,80502.06799999998,138242.5629999998,57132.94300000002,2536.594,60329.24200000001,97696.07400000004,55621.61700000001,208258.178,67816.609,162162.441,227578.2690000001,22123.444,32830.61199999999,1451.891,1214282.545
2022-01-03,89566.16000000002,144806.9689999999,59440.085,2523.248,64919.93399999999,100973.7379999999,60723.81200000001,230640.9289999999,71630.83799999997,176771.101,282409.5059999999,23506.479,35647.42600000001,1253.407,1344813.631999999
2022-01-04,99445.80700000003,143035.6709999999,52326.53099999997,2222.68,63403.70300000001,99152.35299999997,63666.063,224980.0750000001,72947.33099999999,176949.7910000001,245095.8110000001,23636.99299999999,33852.77400000001,1356.062,1302071.645
2022-01-05,103187.166,144730.014,49674.591,2255.704,63236.819,103108.331,68638.74900000003,225001.1970000001,69519.705,182848.6569999999,301124.143,23948.958,33249.80099999998,1265.533,1371789.368
