id,currency,symbol,name,logo_url,status,price,price_date,price_timestamp,circulating_supply,max_supply,market_cap,market_cap_dominance,num_exchanges,num_pairs,num_pairs_unmapped,first_candle,first_trade,first_order_book,rank,rank_delta,high,high_timestamp,1d.volume,1d.price_change,1d.price_change_pct,1d.volume_change,1d.volume_change_pct,1d.market_cap_change,1d.market_cap_change_pct,platform_currency,first_priced_at
BTC,BTC,BTC,Bitcoin,https://s3.us-east-2.amazonaws.com/nomics-api/static/images/currencies/btc.svg,active,20116.20888633,2022-06-30T00:00:00Z,2022-06-30T02:25:00Z,19080818,21000000,383833720610,0.4166,461,91093,10137,2011-08-18T00:00:00Z,2011-08-18T00:00:00Z,2017-01-06T00:00:00Z,1,0,67598.03118880,2021-11-08T00:00:00Z,41277430496.51,-250.08512868,-0.0123,2786981874.68,0.0724,-4752114252.28,-0.0122
ETH,ETH,ETH,Ethereum,https://s3.us-east-2.amazonaws.com/nomics-api/static/images/currencies/eth.svg,active,1093.74742079,2022-06-30T00:00:00Z,2022-06-30T02:25:00Z,121349119,,132725285784,0.1441,531,90694,71402,2015-08-07T00:00:00Z,2015-08-07T00:00:00Z,2018-08-29T00:00:00Z,2,0,4811.59320433,2021-11-08T00:00:00Z,21916477377.87,-58.07688339,-0.0504,1827760909.42,0.0910,-7034719155.42,-0.0503,ETH
USDT,USDT,USDT,Tether,https://s3.us-east-2.amazonaws.com/nomics-api/static/images/currencies/usdt.svg,active,1.00144176,2022-06-30T00:00:00Z,2022-06-30T02:25:00Z,66415102879,,66510857290,0.0722,471,85613,30180,2013-12-27T00:00:00Z,2013-12-27T00:00:00Z,2018-08-29T00:00:00Z,3,0,1.09104404,2017-12-23T00:00:00Z,82839071963.31,0.00060181242,0.0006,2790223180.66,0.0349,-370191275.87,-0.0055,ETH
USDC,USDC,USDC,USD Coin,https://s3.us-east-2.amazonaws.com/nomics-api/static/images/currencies/usdc.svg,active,1.00377327,2022-06-30T00:00:00Z,2022-06-30T02:25:00Z,55817689312,55817727415,56028304274,0.0608,316,8574,9645,2015-11-18T00:00:00Z,2015-11-18T00:00:00Z,2018-10-26T00:00:00Z,4,0,1.03120653,2019-05-02T00:00:00Z,5656053603.88,0.0016412291,0.0016,510655250.80,0.0992,91609614.81,0.0016,ETH
BNB,BNB,BNB,Binance Coin,https://s3.us-east-2.amazonaws.com/nomics-api/static/images/currencies/bnb.svg,active,219.64329892,2022-06-30T00:00:00Z,2022-06-30T02:25:00Z,163276975,163276975,35862693346,0.0389,284,24191,1060306,2017-07-14T00:00:00Z,2017-07-14T00:00:00Z,2018-08-29T00:00:00Z,5,0,677.11911801,2021-05-03T00:00:00Z,1568664998.15,-10.44343539,-0.0454,-7295456.24,-0.0046,-1705172536.02,-0.0454,BNB
BUSD,BUSD,BUSD,Binance USD,https://s3.us-east-2.amazonaws.com/nomics-api/static/images/currencies/BUSD.png,active,1.00250876,2022-06-30T00:00:00Z,2022-06-30T02:25:00Z,17547224392,17547224392,17591246110,0.0191,172,10851,29541,2017-07-09T00:00:00Z,2019-09-19T00:00:00Z,2019-09-19T00:00:00Z,6,0,1.01174509,2020-03-12T00:00:00Z,10666934103.26,0.0012411330,0.0012,1605321639.24,0.1772,185541480.33,0.0107,ETH
XRP,XRP,XRP,XRP,https://s3.us-east-2.amazonaws.com/nomics-api/static/images/currencies/XRP.svg,active,0.32401585,2022-06-30T00:00:00Z,2022-06-30T02:25:00Z,48343101197,99989535142,15663931252,0.0170,309,3009,120,2013-05-09T00:00:00Z,2013-05-09T00:00:00Z,2018-08-29T00:00:00Z,7,0,2.75932484,2018-01-07T00:00:00Z,1448892414.11,-0.013201995,-0.0391,105559853.71,0.0786,-638225383.78,-0.0391,
ADA,ADA,ADA,Cardano,https://s3.us-east-2.amazonaws.com/nomics-api/static/images/currencies/ada.svg,active,0.46205891,2022-06-30T00:00:00Z,2022-06-30T02:25:00Z,33820262544,45000000000,15626953729,0.0170,182,1028,665,2017-10-01T00:00:00Z,2017-11-22T00:00:00Z,2018-08-29T00:00:00Z,8,0,2.96753903,2021-09-03T00:00:00Z,926457885.34,-0.013305660,-0.0280,58800090.67,0.0678,-450000929.04,-0.0280,
SOL,SOL,SOL,Solana,https://nomics-api.s3.us-east-2.amazonaws.com/static/images/currencies/SOL2.jpg,active,32.95314228,2022-06-30T00:00:00Z,2022-06-30T02:25:00Z,342899738,508180964,11299623852,0.0123,138,3328,2374,2019-06-07T00:00:00Z,2020-04-10T00:00:00Z,2020-04-07T00:00:00Z,9,0,259.02937388,2021-11-06T00:00:00Z,2769634242.24,-2.85163936,-0.0796,51369876.69,0.0189,-973135409.27,-0.0793,SOL
DOGE,DOGE,DOGE,Dogecoin,https://s3.us-east-2.amazonaws.com/nomics-api/static/images/currencies/doge.svg,active,0.068188721,2022-06-30T00:00:00Z,2022-06-30T02:25:00Z,132670764300,,9046649715,0.0098,264,3237,1042,2014-01-21T00:00:00Z,2014-01-21T00:00:00Z,2018-09-12T00:00:00Z,10,0,0.68882970,2021-05-07T00:00:00Z,718334451.30,0.00082936372,0.0123,63496583.02,0.0970,110032319.09,0.0123,
DOT,DOT,DOT,Polkadot,https://s3.us-east-2.amazonaws.com/nomics-api/static/images/currencies/DOT.svg,active,6.92865239,2022-06-30T00:00:00Z,2022-06-30T02:25:00Z,1126789126,1207738259,7807130166,0.0085,166,614,3,2018-12-12T00:00:00Z,2019-08-27T00:00:00Z,2019-08-28T00:00:00Z,11,0,366.71198282,2020-08-12T00:00:00Z,629575971.96,-0.50170418,-0.0675,105479495.67,0.2013,-562847129.67,-0.0672,
DAI,DAI,DAI,Dai,https://s3.us-east-2.amazonaws.com/nomics-api/static/images/currencies/DAI.svg,active,1.00261536,2022-06-30T00:00:00Z,2022-06-30T02:25:00Z,6332535344,6332535344,6349097214,0.0069,219,2882,1672,2017-12-22T00:00:00Z,2017-12-22T00:00:00Z,2018-09-07T00:00:00Z,12,0,1.15260983,2018-04-07T00:00:00Z,297432788.24,0.00051687857,0.0005,-71815842.97,-0.1945,82605607.87,0.0132,ETH
TRX,TRX,TRX,TRON,https://s3.us-east-2.amazonaws.com/nomics-api/static/images/currencies/TRX.svg,active,0.064666360,2022-06-30T00:00:00Z,2022-06-30T02:25:00Z,92493084010,101900409184,5981191063,0.0065,249,2292,16888,2017-10-06T00:00:00Z,2017-10-06T00:00:00Z,2018-08-29T00:00:00Z,13,0,0.20714468,2018-01-04T00:00:00Z,1194636794.52,-0.0016682653,-0.0251,-191535409.99,-0.1382,-154402658.26,-0.0252,TRX
SHIB,SHIB,SHIB,Shiba Inu,https://s3.us-east-2.amazonaws.com/nomics-api/static/images/currencies/SHIB.png,active,0.000010111427,2022-06-30T00:00:00Z,2022-06-30T02:25:00Z,557940991915562,999991463710543,5641579758,0.0061,149,380,44,2020-07-31T00:00:00Z,2020-07-31T00:00:00Z,2021-02-01T00:00:00Z,14,0,0.000079561686,2021-10-27T00:00:00Z,662228541.30,-0.000000081678793,-0.0080,92914015.84,0.1632,-44946456.73,-0.0079,ETH
LEO,LEO,LEO,UNUS SED LEO,https://s3.us-east-2.amazonaws.com/nomics-api/static/images/currencies/leotoken.png,active,5.95089088,2022-06-30T00:00:00Z,2022-06-30T02:25:00Z,935182761,985239504,5565170564,0.0060,34,83,1,2019-05-20T00:00:00Z,2019-05-20T00:00:00Z,2019-05-20T00:00:00Z,15,0,7.48922574,2022-02-08T00:00:00Z,4051322.46,0.20692081,0.0360,-1483208.16,-0.2680,193394545.44,0.0360,ETH
WBTC,WBTC,WBTC,Wrapped Bitcoin,https://s3.us-east-2.amazonaws.com/nomics-api/static/images/currencies/WBTC.png,active,20112.27945954,2022-06-30T00:00:00Z,2022-06-30T02:25:00Z,263029,263029,5290109335,0.0057,116,1278,155,2019-01-29T00:00:00Z,2019-01-29T00:00:00Z,2019-02-14T00:00:00Z,16,0,67605.45510699,2021-11-08T00:00:00Z,292889114.13,-193.95963071,-0.0096,50032156.86,0.2060,-80461021.42,-0.0150,ETH
HEX,HEX,HEX,HEX,https://s3.us-east-2.amazonaws.com/nomics-api/static/images/currencies/HEX.png,active,0.037103618,2022-06-30T00:00:00Z,2022-06-30T02:25:00Z,135596915832,642118655858,5031136216,0.0055,40,137,10,2019-12-13T00:00:00Z,2020-05-18T00:00:00Z,2020-03-11T00:00:00Z,17,1,0.48712123,2021-09-18T00:00:00Z,7694619.85,-0.0017139401,-0.0442,-2267694.60,-0.2276,-235036335.50,-0.0446,ETH
AVAX,AVAX,AVAX,Avalanche,https://s3.us-east-2.amazonaws.com/nomics-api/static/images/currencies/AVAX.svg,active,17.27052164,2022-06-30T00:00:00Z,2022-06-30T02:25:00Z,282302562,406395092,4875512509,0.0053,130,2619,14392,2020-07-08T00:00:00Z,2020-07-22T00:00:00Z,2020-07-08T00:00:00Z,18,-1,135.48171783,2021-11-22T00:00:00Z,766140373.69,-1.39309953,-0.0746,-71280225.46,-0.0851,-391820588.54,-0.0744,AVAX
STETH,STETH,STETH,Liquid Staked Ether,https://s3.us-east-2.amazonaws.com/nomics-api/static/images/currencies/STETH.png,active,1050.96779212,2022-06-30T00:00:00Z,2022-06-30T02:24:00Z,4233972,4233972,4449768336,0.0048,12,24,0,2020-12-19T00:00:00Z,2020-12-19T00:00:00Z,2021-01-08T00:00:00Z,19,0,4775.82489976,2021-11-08T00:00:00Z,19274665.00,-53.52456531,-0.0485,5239938.87,0.3734,-225916570.80,-0.0483,ETH,2020-12-28T21:21:34.943723Z
FTXTOKEN,FTXTOKEN,FTT,FTX Token,https://s3.us-east-2.amazonaws.com/nomics-api/static/images/currencies/FTXTOKEN.png,active,24.75194944,2022-06-30T00:00:00Z,2022-06-30T02:25:00Z,170084507,331217886,4209923128,0.0046,50,122,0,2019-07-28T00:00:00Z,2019-07-29T00:00:00Z,2019-07-29T00:00:00Z,20,0,79.67706847,2021-09-09T00:00:00Z,120458907.05,-1.18557459,-0.0457,-23163830.33,-0.1613,-93669811.20,-0.0218,ETH,
MATIC,MATIC,MATIC,Polygon,https://s3.us-east-2.amazonaws.com/nomics-api/static/images/currencies/matic.png,active,0.48497449,2022-06-30T00:00:00Z,2022-06-30T02:25:00Z,8006803853,,3883095630,0.0042,222,3763,25336,2019-04-26T00:00:00Z,2019-04-26T00:00:00Z,2019-04-26T00:00:00Z,21,0,2.89406081,2021-12-26T00:00:00Z,1337340052.78,-0.039787869,-0.0758,307922415.31,0.2991,-318573662.99,-0.0758,MATIC,
LTC,LTC,LTC,Litecoin,https://s3.us-east-2.amazonaws.com/nomics-api/static/images/currencies/ltc.svg,active,52.91243625,2022-06-30T00:00:00Z,2022-06-30T02:25:00Z,70612996,84000000,3736305635,0.0041,387,3894,641,2013-03-25T00:00:00Z,2013-03-25T00:00:00Z,2018-08-29T00:00:00Z,22,0,388.86585898,2021-05-09T00:00:00Z,627141775.68,-0.16543748,-0.0031,10775729.50,0.0175,-11313144.82,-0.0030,,
OKB,OKB,OKB,OKEx Utility Token,https://s3.us-east-2.amazonaws.com/nomics-api/static/images/currencies/OKB.png,active,12.15929568,2022-06-30T00:00:00Z,2022-06-30T02:25:00Z,256388091,300000000,3117498612,0.0034,55,224,9,2017-07-09T00:00:00Z,2019-06-13T00:00:00Z,2019-02-14T00:00:00Z,23,0,42.42020487,2021-05-02T00:00:00Z,13220817.20,0.0098052171,0.0008,2264039.32,0.2066,2513940.90,0.0008,ETH,
CRO,CRO,CRO,Cronos,https://s3.us-east-2.amazonaws.com/nomics-api/static/images/currencies/cro.jpg,active,0.11627683,2022-06-30T00:00:00Z,2022-06-30T02:25:00Z,25263013692,30263013692,2937503252,0.0032,87,318,161,2019-03-07T00:00:00Z,2019-03-08T00:00:00Z,2019-03-08T00:00:00Z,24,0,0.88827983,2021-11-23T00:00:00Z,65237535.39,-0.0036962447,-0.0308,8818616.37,0.1563,-93378280.51,-0.0308,ETH,
LINK,LINK,LINK,ChainLink,https://s3.us-east-2.amazonaws.com/nomics-api/static/images/currencies/LINK.jpg,active,6.15072939,2022-06-30T00:00:00Z,2022-06-30T02:25:00Z,467099971,1000000000,2873005515,0.0031,284,3502,66,2017-07-09T00:00:00Z,2017-09-28T00:00:00Z,2018-08-29T00:00:00Z,25,0,52.36611892,2021-05-09T00:00:00Z,625323107.97,-0.30230140,-0.0468,-190899189.19,-0.2339,-141204975.24,-0.0468,ETH,
XLM,XLM,XLM,Stellar,https://s3.us-east-2.amazonaws.com/nomics-api/static/images/currencies/xlm.svg,active,0.10764031,2022-06-30T00:00:00Z,2022-06-30T02:25:00Z,25034074193,50001787710,2694675433,0.0029,202,687,113,2014-08-11T00:00:00Z,2014-08-11T00:00:00Z,2018-08-29T00:00:00Z,26,0,0.89933161,2018-01-03T00:00:00Z,297760136.98,-0.0076301064,-0.0662,24641858.20,0.0902,-191012696.50,-0.0662,XLM,
NEAR,NEAR,NEAR,Near Protocol,https://s3.us-east-2.amazonaws.com/nomics-api/static/images/currencies/NEAR.jpg,active,3.32274684,2022-06-30T00:00:00Z,2022-06-30T02:25:00Z,723179291,1000000000,2402941707,0.0026,90,215,227,2020-09-27T00:00:00Z,2020-10-14T00:00:00Z,2020-09-30T00:00:00Z,27,0,20.26440510,2022-01-14T00:00:00Z,809944984.04,-0.18739536,-0.0534,7774446.61,0.0097,-133336098.16,-0.0526,,2020-10-28T18:45:07.594685Z
UNI,UNI,UNI,Uniswap Protocol Token,https://s3.us-east-2.amazonaws.com/nomics-api/static/images/currencies/UNISWAP.svg,active,5.07726621,2022-06-30T00:00:00Z,2022-06-30T02:25:00Z,465524326,1000000000,2363590930,0.0026,208,1111,114,2019-06-03T00:00:00Z,2020-09-17T00:00:00Z,2019-10-11T00:00:00Z,28,0,43.21575205,2021-05-04T00:00:00Z,231278117.85,0.052705781,0.0105,29722308.04,0.1475,24539846.52,0.0105,ETH,
ALGO,ALGO,ALGO,Algorand,https://s3.us-east-2.amazonaws.com/nomics-api/static/images/currencies/ALGO.png,active,0.29779505,2022-06-30T00:00:00Z,2022-06-30T02:25:00Z,7272675958,10000000000,2165766933,0.0024,116,277,24,2019-06-19T00:00:00Z,2019-06-21T00:00:00Z,2019-06-19T00:00:00Z,29,0,2.94273634,2019-06-19T00:00:00Z,290456004.51,-0.018581013,-0.0587,20436415.08,0.0757,-135133683.46,-0.0587,,
ATOM,ATOM,ATOM,Cosmos,https://nomics-api.s3.us-east-2.amazonaws.com/static/images/currencies/atom.jpg,active,7.35083649,2022-06-30T00:00:00Z,2022-06-30T02:25:00Z,292586164,,2150753051,0.0023,135,488,119,2017-07-09T00:00:00Z,2019-04-22T00:00:00Z,2019-03-14T00:00:00Z,30,0,44.20412966,2021-09-19T00:00:00Z,379616996.33,-0.055763151,-0.0075,-25121959.64,-0.0621,-16315526.33,-0.0075,,
XMR,XMR,XMR,Monero,https://s3.us-east-2.amazonaws.com/nomics-api/static/images/currencies/xmr.svg,active,117.80199905,2022-06-30T00:00:00Z,2022-06-30T02:25:00Z,18141245,,2137074924,0.0023,147,578,126,2014-05-19T00:00:00Z,2014-05-19T00:00:00Z,2018-08-29T00:00:00Z,31,0,484.72951069,2021-05-09T00:00:00Z,139353237.97,-1.40909119,-0.0118,11799946.19,0.0925,-25513172.03,-0.0118,,
ETC,ETC,ETC,Ethereum Classic,https://s3.us-east-2.amazonaws.com/nomics-api/static/images/currencies/etc.svg,active,14.95217749,2022-06-30T00:00:00Z,2022-06-30T02:25:00Z,135557230,210700000,2026875763,0.0022,181,834,2,2016-07-24T00:00:00Z,2016-07-24T00:00:00Z,2018-08-29T00:00:00Z,32,0,134.79872141,2021-05-06T00:00:00Z,225146961.66,-0.69570314,-0.0445,-47328395.18,-0.1737,-94053359.79,-0.0443,,
BCH,BCH,BCH,Bitcoin Cash,https://s3.us-east-2.amazonaws.com/nomics-api/static/images/currencies/BCH.png,active,103.86540282,2022-06-30T00:00:00Z,2022-06-30T02:25:00Z,19104100,21000000,1984255031,0.0022,309,2520,136,2017-07-09T00:00:00Z,2017-07-27T00:00:00Z,2018-08-29T00:00:00Z,33,0,3717.43001193,2017-12-20T00:00:00Z,700497097.65,-1.40579914,-0.0134,-78466037.64,-0.1007,-26759809.22,-0.0133,,
VET,VET,VET,VeChain Thor,https://s3.us-east-2.amazonaws.com/nomics-api/static/images/currencies/vet.png,active,0.022594112,2022-06-30T00:00:00Z,2022-06-30T02:25:00Z,72511146418,85985041177,1638324931,0.0018,84,227,2,2018-07-13T00:00:00Z,2018-07-13T00:00:00Z,2018-08-29T00:00:00Z,34,1,0.25460727,2021-04-18T00:00:00Z,368746654.73,-0.0010796224,-0.0456,31962354.84,0.0949,-78284656.34,-0.0456,,
FLOW2,FLOW2,FLOW,Flow,https://s3.us-east-2.amazonaws.com/nomics-api/static/images/currencies/FLOW2.jpg,active,1.50432727,2022-06-30T00:00:00Z,2022-06-30T02:25:00Z,1036200000,1373338338,1558783916,0.0017,48,85,0,2021-01-27T00:00:00Z,2021-01-27T00:00:00Z,2021-01-27T00:00:00Z,35,-1,39.15375358,2021-03-04T00:00:00Z,75826609.39,-0.17947577,-0.1066,-22635378.38,-0.2299,-185972788.75,-0.1066,,2021-01-28T14:38:49.921753Z
FRAX,FRAX,FRAX,Frax,https://s3.us-east-2.amazonaws.com/nomics-api/static/images/currencies/FRAX.jpg,active,1.00229878,2022-06-30T00:00:00Z,2022-06-30T02:24:00Z,1366914189,1366914189,1370056421,0.0015,18,116,6,2020-12-16T00:00:00Z,2020-12-16T00:00:00Z,2020-12-21T00:00:00Z,36,4,3.21049815,2020-12-17T00:00:00Z,24518369.02,0.0019056411,0.0019,8589191.19,0.5392,2604847.86,0.0019,ETH,2020-12-22T19:46:11.961151Z
APE7,APE7,APE,ApeCoin,https://s3.us-east-2.amazonaws.com/nomics-api/static/images/currencies/APE7.jpeg,active,4.55798700,2022-06-30T00:00:00Z,2022-06-30T02:25:00Z,299531250,1000000000,1365259544,0.0015,77,136,4,2022-03-16T00:00:00Z,2022-03-17T00:00:00Z,2022-03-17T00:00:00Z,37,-1,23.79206822,2022-04-28T00:00:00Z,756712407.59,-0.47803899,-0.0949,-342479144.75,-0.3116,-143187617.61,-0.0949,ETH,2022-03-17T16:40:56.703528Z
HBAR,HBAR,HBAR,Hedera Hashgraph,https://s3.us-east-2.amazonaws.com/nomics-api/static/images/currencies/HBAR.jpg,active,0.063522225,2022-06-30T00:00:00Z,2022-06-30T02:25:00Z,21252184397,50000000000,1349986037,0.0015,54,98,0,2019-09-17T00:00:00Z,2019-09-17T00:00:00Z,2019-09-17T00:00:00Z,38,-1,0.50524156,2021-09-15T00:00:00Z,64575591.14,-0.0030103316,-0.0452,2326273.86,0.0374,-63976121.37,-0.0452,,
SAND2,SAND2,SAND,The Sandbox,https://s3.us-east-2.amazonaws.com/nomics-api/static/images/currencies/SAND2.svg,active,1.05455968,2022-06-30T00:00:00Z,2022-06-30T02:25:00Z,1258626081,3000000000,1327296316,0.0014,115,254,1,2020-08-09T00:00:00Z,2020-08-14T00:00:00Z,2020-08-11T00:00:00Z,39,-1,7.59301470,2021-11-28T00:00:00Z,705105473.63,-0.041026550,-0.0374,-144329759.61,-0.1699,-51637086.15,-0.0374,ETH,
MANA,MANA,MANA,Decentraland,https://s3.us-east-2.amazonaws.com/nomics-api/static/images/currencies/mana.svg,active,0.85880051,2022-06-30T00:00:00Z,2022-06-30T02:25:00Z,1502018344,2193631727,1289934119,0.0014,183,437,3,2017-07-17T00:00:00Z,2017-07-17T00:00:00Z,2018-08-29T00:00:00Z,40,2,5.22479409,2021-11-25T00:00:00Z,360638686.27,-0.040704744,-0.0453,-52917958.55,-0.1280,-60959724.64,-0.0451,ETH,
XTZ,XTZ,XTZ,Tezos,https://s3.us-east-2.amazonaws.com/nomics-api/static/images/currencies/xtz.svg,active,1.43933041,2022-06-30T00:00:00Z,2022-06-30T02:25:00Z,892156511,,1284107997,0.0014,133,461,229,2017-06-23T00:00:00Z,2017-06-23T00:00:00Z,2018-09-17T00:00:00Z,41,-2,10.52680807,2017-12-17T00:00:00Z,94293766.99,-0.10137430,-0.0658,-57019497.35,-0.3768,-90372927.23,-0.0658,,
ICP,ICP,ICP,Dfinity,https://s3.us-east-2.amazonaws.com/nomics-api/static/images/currencies/ICP.jpg,active,5.30219485,2022-06-30T00:00:00Z,2022-06-30T02:25:00Z,241825549,483672458,1282206179,0.0014,66,119,0,2021-01-30T00:00:00Z,2021-05-06T00:00:00Z,2021-01-30T00:00:00Z,42,-1,455.07161156,2021-05-05T00:00:00Z,91713831.93,-0.28793861,-0.0515,-28021487.85,-0.2340,-69348527.18,-0.0513,,2021-03-24T00:11:30.852913Z
TUSD,TUSD,TUSD,TrueUSD,https://s3.us-east-2.amazonaws.com/nomics-api/static/images/currencies/tusd.svg,active,1.00317753,2022-06-30T00:00:00Z,2022-06-30T02:25:00Z,1203611655,1203611655,1207436163,0.0013,133,864,63,2018-03-06T00:00:00Z,2018-03-06T00:00:00Z,2018-08-29T00:00:00Z,43,3,1.08792962,2018-05-21T00:00:00Z,71576936.35,0.0023082829,0.0023,-16795301.29,-0.1901,2510617.61,0.0021,ETH,
FIL,FIL,FIL,Filecoin,https://s3.us-east-2.amazonaws.com/nomics-api/static/images/currencies/FIL.png,active,5.35962225,2022-06-30T00:00:00Z,2022-06-30T02:25:00Z,225077988,2000000000,1206332992,0.0013,115,385,1,2017-11-03T00:00:00Z,2017-11-23T00:00:00Z,2019-06-04T00:00:00Z,44,0,190.85719775,2021-03-31T00:00:00Z,155987604.79,-0.22687150,-0.0406,-17456264.30,-0.1006,-49215321.56,-0.0392,,
THETA,THETA,THETA,Theta Token,https://s3.us-east-2.amazonaws.com/nomics-api/static/images/currencies/theta.png,active,1.19788045,2022-06-30T00:00:00Z,2022-06-30T02:25:00Z,1000000000,1000000000,1197880446,0.0013,68,161,0,2018-01-16T00:00:00Z,2018-01-16T00:00:00Z,2018-08-29T00:00:00Z,45,-2,14.33849362,2021-04-16T00:00:00Z,115318075.70,-0.086219679,-0.0671,-2347375.59,-0.0199,-86219679.01,-0.0671,THETA,
HELIUM,HELIUM,HNT,Helium,https://s3.us-east-2.amazonaws.com/nomics-api/static/images/currencies/HELIUM.jpeg,active,9.33614140,2022-06-30T00:00:00Z,2022-06-30T02:25:00Z,122328391,,1142075153,0.0012,29,52,0,2020-04-17T00:00:00Z,2020-09-15T00:00:00Z,2020-04-17T00:00:00Z,46,-1,52.82083239,2021-11-14T00:00:00Z,33148111.69,-0.68760666,-0.0686,3622415.40,0.1227,-83326079.24,-0.0680,,
EGLD,EGLD,EGLD,Elrond,https://s3.us-east-2.amazonaws.com/nomics-api/static/images/currencies/EGLD.jpeg,active,48.99103419,2022-06-30T00:00:00Z,2022-06-30T02:25:00Z,22585686,23915686,1106496115,0.0012,58,107,15,2020-09-02T00:00:00Z,2020-09-03T00:00:00Z,2020-09-03T00:00:00Z,47,0,493.70317262,2021-11-22T00:00:00Z,70140696.12,-3.76219493,-0.0713,1002812.26,0.0145,-84692794.30,-0.0711,,
1INCH,1INCH,1INCH,1inch,https://s3.us-east-2.amazonaws.com/nomics-api/static/images/currencies/1INCH.jpg,active,0.74298603,2022-06-30T00:00:00Z,2022-06-30T02:25:00Z,1471811644,1500000000,1093535492,0.0012,118,346,4,2018-12-17T00:00:00Z,2020-12-25T00:00:00Z,2019-02-14T00:00:00Z,48,0,7.50614728,2021-05-08T00:00:00Z,257982699.13,-0.021451356,-0.0281,-405557675.93,-0.6112,-31572355.68,-0.0281,ETH,2020-12-28T18:53:34.959468Z
BSV,BSV,BSV,Bitcoin SV,https://s3.us-east-2.amazonaws.com/nomics-api/static/images/currencies/BSV.png,active,56.23923249,2022-06-30T00:00:00Z,2022-06-30T02:25:00Z,19084883,21000000,1073319166,0.0012,146,731,135,2017-07-09T00:00:00Z,2018-11-08T00:00:00Z,2018-11-13T00:00:00Z,49,0,441.03610937,2021-04-16T00:00:00Z,48983804.78,-1.45030897,-0.0251,-1445377.89,-0.0287,-27678976.86,-0.0251,,
LUNA,LUNA,LUNC,Terra Luna Classic,https://s3.us-east-2.amazonaws.com/nomics-api/static/images/currencies/LUNA.png,active,0.00016365153,2022-06-30T00:00:00Z,2022-06-30T02:25:00Z,6536407736540,6907072876045,1069693135,0.0012,93,219,19,2019-06-05T00:00:00Z,2019-07-26T00:00:00Z,2019-07-04T00:00:00Z,50,7,116.61080121,2022-04-04T00:00:00Z,917114049.62,0.000034768387,0.2698,454051611.77,0.9805,227260350.73,0.2698,LUNA,
CRI,CRI,CRI,Crypto International,https://s3.us-east-2.amazonaws.com/nomics-api/static/images/currencies/CRI.png,active,0.50866311,2022-06-30T00:00:00Z,2022-06-30T02:25:00Z,1965416446,10000020856,999734837,0.0011,6,17,0,2021-11-14T00:00:00Z,2021-11-14T00:00:00Z,2021-11-14T00:00:00Z,51,1,0.50984223,2022-06-29T00:00:00Z,912262.21,0.00089864607,0.0018,-36675.42,-0.0386,1766213.76,0.0018,ETH,2022-03-10T23:23:42.193271Z
AXS2,AXS2,AXS,Axie Infinity,https://s3.us-east-2.amazonaws.com/nomics-api/static/images/currencies/AXS2.jpg,active,13.99767084,2022-06-30T00:00:00Z,2022-06-30T02:25:00Z,71046952,270000000,994491841,0.0011,117,249,3,2018-12-12T00:00:00Z,2020-11-04T00:00:00Z,2020-11-04T00:00:00Z,52,-2,160.73713447,2021-11-07T00:00:00Z,310156055.14,-1.48361316,-0.0958,-89303106.77,-0.2236,-105406192.15,-0.0958,ETH,2020-11-09T16:49:37.895041Z
KCS,KCS,KCS,KuCoin Token,https://s3.us-east-2.amazonaws.com/nomics-api/static/images/currencies/kcs.jpg,active,9.92617441,2022-06-30T00:00:00Z,2022-06-30T02:24:00Z,97898695,145398695,971759518,0.0011,18,117,4666,2017-09-17T00:00:00Z,2020-03-26T00:00:00Z,2019-06-04T00:00:00Z,53,-2,27.61761010,2021-12-01T00:00:00Z,3868564.46,-0.28838589,-0.0282,578905.93,0.1760,-28232601.75,-0.0282,ETH,
EOS,EOS,EOS,EOS,https://s3.us-east-2.amazonaws.com/nomics-api/static/images/currencies/eos.svg,active,0.92482171,2022-06-30T00:00:00Z,2022-06-30T02:25:00Z,999585830,,924438677,0.0010,236,1699,140,2017-06-23T00:00:00Z,2017-06-23T00:00:00Z,2018-08-29T00:00:00Z,54,-1,20.88066457,2018-04-29T00:00:00Z,232613120.06,-0.030483097,-0.0319,-13720718.28,-0.0557,-30362273.85,-0.0318,EOS,
PAX,PAX,USDP,Pax Dollar,https://s3.us-east-2.amazonaws.com/nomics-api/static/images/currencies/pax.png,active,1.00260471,2022-06-30T00:00:00Z,2022-06-30T02:25:00Z,857619849,857619849,859853699,0.0009,112,628,20,2018-09-27T00:00:00Z,2018-09-27T00:00:00Z,2018-09-29T00:00:00Z,55,-1,1.05827607,2021-10-13T00:00:00Z,126253616.22,0.00025260004,0.0003,78372315.08,1.6368,-14942766.54,-0.0171,ETH,
CUSDC,CUSDC,CUSDC,Compound USD Coin,https://s3.us-east-2.amazonaws.com/nomics-api/static/images/currencies/CUSDC.png,active,0.022703165,2022-06-30T00:00:00Z,2022-06-30T02:24:00Z,37325192073,37325192073,847399985,0.0009,9,83,0,2019-09-22T00:00:00Z,2020-04-02T00:00:00Z,2020-04-09T00:00:00Z,56,6,0.95827423,2019-11-26T00:00:00Z,38564151.08,0.000052774169,0.0023,31424589.09,4.4015,68729067.89,0.0883,ETH,
MKR,MKR,MKR,Maker,https://s3.us-east-2.amazonaws.com/nomics-api/static/images/currencies/MKR.svg,active,901.62200335,2022-06-30T00:00:00Z,2022-06-30T02:25:00Z,901311,977631,812641782,0.0009,174,770,15,2017-12-21T00:00:00Z,2017-12-21T00:00:00Z,2018-09-07T00:00:00Z,57,-2,5989.61910559,2021-05-03T00:00:00Z,149999753.09,-64.62758973,-0.0669,10536789.85,0.0756,-58249554.12,-0.0669,ETH,
ELG,ELG,ELG,Escoin Token,https://s3.us-east-2.amazonaws.com/nomics-api/static/images/currencies/ELG.jpg,active,3.40144070,2022-06-30T00:00:00Z,2022-06-30T02:24:00Z,237976494,250000000,809462932,0.0009,9,15,1,2020-11-30T00:00:00Z,2020-11-30T00:00:00Z,2021-01-05T00:00:00Z,58,2,3.60441749,2022-06-18T00:00:00Z,1433550.90,-0.0086564782,-0.0025,-392781.53,-0.2151,-2060038.32,-0.0025,ETH,2020-12-01T17:25:58.226026Z
AAVE,AAVE,AAVE,Aave,https://s3.us-east-2.amazonaws.com/nomics-api/static/images/currencies/AAVE.jpg,active,57.99346981,2022-06-30T00:00:00Z,2022-06-30T02:25:00Z,13901056,16000000,806170461,0.0009,160,748,13,2018-11-26T00:00:00Z,2020-10-02T00:00:00Z,2020-10-04T00:00:00Z,59,-3,629.15959256,2021-05-18T00:00:00Z,241079871.14,-3.32200616,-0.0542,20282314.65,0.0919,-46170809.14,-0.0542,ETH,
OMI,OMI,OMI,ECOMI,https://s3.us-east-2.amazonaws.com/nomics-api/static/images/currencies/OMI.png,active,0.0013515787,2022-06-30T00:00:00Z,2022-06-30T02:25:00Z,581910045187,750000000000,786497250,0.0009,5,8,0,2019-10-01T00:00:00Z,2021-03-23T00:00:00Z,2020-02-14T00:00:00Z,60,-2,0.013122220,2021-03-19T00:00:00Z,936059.58,-0.000084692639,-0.0590,-19930.04,-0.0208,-49283497.27,-0.0590,GO,2021-02-02T14:53:17.269368Z
BTT2,BTT2,BTT,BitTorrent V2,https://s3.us-east-2.amazonaws.com/nomics-api/static/images/currencies/BTT2.png,active,0.00000084351162,2022-06-30T00:00:00Z,2022-06-30T02:25:00Z,932028892857000,990000000000000,786177203,0.0009,40,63,7,2019-01-31T00:00:00Z,2019-02-08T00:00:00Z,2019-02-14T00:00:00Z,61,-2,0.010847439,2021-04-06T00:00:00Z,102076282.73,-0.000000044790146,-0.0504,-131308067.35,-0.5626,-41745710.65,-0.0504,TRX,2021-12-22T22:21:23.096382Z
UST,UST,USTC,TerraClassicUSD,https://s3.us-east-2.amazonaws.com/nomics-api/static/images/currencies/UST2.png,active,0.075791251,2022-06-30T00:00:00Z,2022-06-30T02:25:00Z,10254324366,10254324366,777188067,0.0008,60,536,836,2019-06-05T00:00:00Z,2019-06-27T00:00:00Z,2020-03-25T00:00:00Z,62,20,1.04197365,2021-01-31T00:00:00Z,1223853446.90,0.021606823,0.3988,616223290.39,1.0141,221563450.30,0.3988,LUNA,
USDN,USDN,USD-N,Neutrino,https://s3.us-east-2.amazonaws.com/nomics-api/static/images/currencies/USDN.jpg,active,0.98611334,2022-06-30T00:00:00Z,2022-06-30T02:24:00Z,786992202,786992202,776063508,0.0008,9,170,1245,2019-12-07T00:00:00Z,,2020-01-07T00:00:00Z,63,2,1.07915792,2020-03-19T00:00:00Z,577975.29,0.0084036844,0.0086,-740614.41,-0.5617,6009560.39,0.0078,WAVES,2021-02-02T14:53:17.269368Z
HT,HT,HT,Huobi Token,https://s3.us-east-2.amazonaws.com/nomics-api/static/images/currencies/HT.jpg,active,4.96661776,2022-06-30T00:00:00Z,2022-06-30T02:25:00Z,154409022,500000000,766890592,0.0008,84,2641,23196,2018-06-16T00:00:00Z,2018-06-16T00:00:00Z,2019-02-15T00:00:00Z,64,-3,34.97211113,2021-05-12T00:00:00Z,21772827.52,-0.25694105,-0.0492,955966.06,0.0459,-39674015.90,-0.0492,HT,
IOT,IOT,IOT,IOTA (MIOTA),https://s3.us-east-2.amazonaws.com/nomics-api/static/images/currencies/iot.svg,active,0.26631228,2022-06-30T00:00:00Z,2022-06-30T02:25:00Z,2779530283,2779530283,740223050,0.0008,41,116,0,2017-06-12T00:00:00Z,2017-06-12T00:00:00Z,2018-08-29T00:00:00Z,65,-1,5.37677212,2017-12-19T00:00:00Z,15187368.53,-0.012096089,-0.0434,-2344077.49,-0.1337,-33621444.91,-0.0434,,
CETH,CETH,CETH,Compound Ether,https://s3.us-east-2.amazonaws.com/nomics-api/static/images/currencies/CETH.png,active,21.94577914,2022-06-30T00:00:00Z,2022-06-30T02:24:00Z,33139138,33139138,727264202,0.0008,4,40,0,2020-03-25T00:00:00Z,2020-06-27T00:00:00Z,2021-10-27T00:00:00Z,66,1,96.49359102,2021-11-08T00:00:00Z,2724106.80,-1.10761768,-0.0480,1518454.33,1.2594,-32530893.29,-0.0428,ETH,
XEC,XEC,XEC,eCash,https://s3.us-east-2.amazonaws.com/nomics-api/static/images/currencies/XEC.jpg,active,0.000038042561,2022-06-30T00:00:00Z,2022-06-30T02:25:00Z,19101054673303,21000000000000,726653042,0.0008,37,71,1,2020-09-24T00:00:00Z,2020-11-15T00:00:00Z,2020-11-15T00:00:00Z,67,-1,0.00033284230,2021-09-04T00:00:00Z,8612132.28,-0.0000021290702,-0.0530,-11558300.85,-0.5730,-40635349.37,-0.0530,,2021-07-07T19:15:23.761148Z
ZEC,ZEC,ZEC,Zcash,https://s3.us-east-2.amazonaws.com/nomics-api/static/images/currencies/zec.svg,active,56.43660076,2022-06-30T00:00:00Z,2022-06-30T02:25:00Z,12597241,21000000,710945484,0.0008,192,604,71,2016-09-15T00:00:00Z,2016-09-15T00:00:00Z,2018-08-29T00:00:00Z,68,0,2073.21389918,2016-10-29T00:00:00Z,160310416.07,-3.46393740,-0.0578,21834855.40,0.1577,-43419464.33,-0.0576,,
TIME5,TIME5,TIME,TIME (Wonderland),https://s3.us-east-2.amazonaws.com/nomics-api/static/images/currencies/TIME5.png,active,32.97739871,2022-06-30T00:00:00Z,2022-06-30T02:21:00Z,21212599,21225116,699536325,0.0008,10,33,5,2021-09-02T00:00:00Z,2021-09-02T00:00:00Z,2021-10-27T00:00:00Z,69,3,9758.87055410,2021-11-07T00:00:00Z,342743.70,-0.40355562,-0.0121,120638.73,0.5432,4184452.41,0.0060,AVAX,2021-09-07T18:38:16.040658Z
GRT,GRT,GRT,The Graph,https://s3.us-east-2.amazonaws.com/nomics-api/static/images/currencies/GRT.jpg,active,0.093356389,2022-06-30T00:00:00Z,2022-06-30T02:25:00Z,7400273157,10000000000,690862779,0.0007,130,286,0,2020-05-23T00:00:00Z,2020-12-17T00:00:00Z,2020-05-23T00:00:00Z,70,-1,2.34087203,2021-02-13T00:00:00Z,122116428.13,-0.0083400736,-0.0820,18717702.20,0.1810,-61718822.69,-0.0820,ETH,
QNT,QNT,QNT,Quant,https://s3.us-east-2.amazonaws.com/nomics-api/static/images/currencies/qnt.jpg,active,51.12234121,2022-06-30T00:00:00Z,2022-06-30T02:25:00Z,13413953,14612493,685752706,0.0007,61,125,1,2018-06-25T00:00:00Z,2018-06-25T00:00:00Z,2019-01-29T00:00:00Z,71,-8,395.52265424,2021-09-10T00:00:00Z,31927484.88,-6.78403402,-0.1172,6010203.19,0.2319,-91000716.71,-0.1172,ETH,
KLAY,KLAY,KLAY,Klaytn,https://s3.us-east-2.amazonaws.com/nomics-api/static/images/currencies/KLAY.jpg,active,0.23038006,2022-06-30T00:00:00Z,2022-06-30T02:25:00Z,2912610705,,671007442,0.0007,51,85,0,2019-09-26T00:00:00Z,2020-03-02T00:00:00Z,2020-02-21T00:00:00Z,72,-2,4.22057107,2021-03-30T00:00:00Z,35358541.10,-0.012111244,-0.0499,8162629.61,0.3001,-35209249.16,-0.0499,KLAY,
FTM,FTM,FTM,Fantom,https://s3.us-east-2.amazonaws.com/nomics-api/static/images/currencies/ftm.png,active,0.25763740,2022-06-30T00:00:00Z,2022-06-30T02:25:00Z,2541152731,3175000000,654695978,0.0007,146,1234,20929,2018-10-28T00:00:00Z,2018-10-29T00:00:00Z,2019-06-04T00:00:00Z,73,-2,3.31135300,2022-01-16T00:00:00Z,584853554.54,-0.018149669,-0.0658,12279614.48,0.0214,-46121081.62,-0.0658,FTM,
PAXG,PAXG,PAXG,PAX Gold,https://s3.us-east-2.amazonaws.com/nomics-api/static/images/currencies/PAXG.png,active,1826.59040935,2022-06-30T00:00:00Z,2022-06-30T02:25:00Z,333258,333258,608726767,0.0007,49,124,10,2019-09-10T00:00:00Z,2019-10-01T00:00:00Z,2019-10-18T00:00:00Z,74,2,2092.85134329,2020-08-06T00:00:00Z,35285733.29,-1.84682610,-0.0010,-21849405.08,-0.3824,-615470.48,-0.0010,ETH,
GT,GT,GT,Gatechain Token,https://s3.us-east-2.amazonaws.com/nomics-api/static/images/currencies/GT.png,active,4.07000998,2022-06-30T00:00:00Z,2022-06-30T02:24:00Z,148515369,300000000,604459033,0.0007,24,56,0,2019-04-21T00:00:00Z,2019-04-21T00:00:00Z,2019-06-04T00:00:00Z,75,-1,11.27613950,2021-05-12T00:00:00Z,3206310.84,-0.070045228,-0.0169,204951.17,0.0683,-10402792.87,-0.0169,ETH,
NEO,NEO,NEO,NEO,https://s3.us-east-2.amazonaws.com/nomics-api/static/images/currencies/neo.svg,active,8.45550735,2022-06-30T00:00:00Z,2022-06-30T02:25:00Z,70530000,100000000,596366933,0.0006,140,463,4,2016-10-26T00:00:00Z,2017-07-14T00:00:00Z,2018-08-29T00:00:00Z,76,-3,190.71047459,2018-01-15T00:00:00Z,71139547.99,-0.58452161,-0.0647,9785978.10,0.1595,-41226309.07,-0.0647,NEO,
RUNE,RUNE,RUNE,THORChain,https://s3.us-east-2.amazonaws.com/nomics-api/static/images/currencies/RUNE.png,active,1.91458121,2022-06-30T00:00:00Z,2022-06-30T02:25:00Z,300755175,500000000,575820205,0.0006,47,98,0,2019-07-20T00:00:00Z,2019-07-20T00:00:00Z,2019-07-26T00:00:00Z,77,0,20.35429921,2021-05-18T00:00:00Z,290069536.54,-0.088760494,-0.0443,-48966147.68,-0.1444,-26695177.91,-0.0443,BNB,
BAT,BAT,BAT,Basic Attention Token,https://s3.us-east-2.amazonaws.com/nomics-api/static/images/currencies/bat.svg,active,0.37963849,2022-06-30T00:00:00Z,2022-06-30T02:25:00Z,1497691558,1500000000,568581356,0.0006,219,723,14,2017-06-03T00:00:00Z,2017-10-01T00:00:00Z,2018-08-29T00:00:00Z,78,2,1.76080494,2021-11-27T00:00:00Z,102628910.64,0.0047616439,0.0127,24700658.32,0.3170,7131473.83,0.0127,ETH,
BLOCKSTACK,BLOCKSTACK,STX,Stacks,https://s3.us-east-2.amazonaws.com/nomics-api/static/images/currencies/BLOCKSTACK.png,active,0.42507630,2022-06-30T00:00:00Z,2022-06-30T02:25:00Z,1320877040,1352464600,561473524,0.0006,32,63,0,2017-11-10T00:00:00Z,2017-11-10T00:00:00Z,2019-06-05T00:00:00Z,79,-1,2.87809990,2021-12-01T00:00:00Z,64072778.81,-0.022932972,-0.0512,-48549182.43,-0.4311,-30224027.29,-0.0511,,
ZIL,ZIL,ZIL,Zilliqa,https://s3.us-east-2.amazonaws.com/nomics-api/static/images/currencies/zil.svg,active,0.038360767,2022-06-30T00:00:00Z,2022-06-30T02:25:00Z,14521345293,21000000000,557049946,0.0006,118,434,256,2018-01-25T00:00:00Z,2018-01-25T00:00:00Z,2018-08-29T00:00:00Z,80,-5,0.23715036,2021-04-16T00:00:00Z,459078595.52,-0.0036137980,-0.0861,70486026.50,0.1814,-52294272.44,-0.0858,ZIL,
CDAI,CDAI,CDAI,Compound Dai,https://s3.us-east-2.amazonaws.com/nomics-api/static/images/currencies/CDAI.png,active,0.022087335,2022-06-30T00:00:00Z,2022-06-30T02:24:00Z,25027179248,25027179248,552783681,0.0006,8,80,1,2020-03-25T00:00:00Z,2020-04-02T00:00:00Z,2020-04-09T00:00:00Z,81,3,0.024212183,2020-09-20T00:00:00Z,31381818.10,-0.000000056539307,-0.0000,18482243.02,1.4328,8574043.71,0.0158,ETH,
HBTC,HBTC,HBTC,Huobi BTC (ERC-20),https://s3.us-east-2.amazonaws.com/nomics-api/static/images/currencies/HBTC.png,active,20087.40305703,2022-06-30T00:00:00Z,2022-06-29T09:49:00Z,26960,38970,541565962,0.0006,10,12,0,2020-08-27T00:00:00Z,2020-08-27T00:00:00Z,2020-09-28T00:00:00Z,82,3,65943.80120626,2021-11-03T00:00:00Z,20074.79,109.04918757,0.0055,,,2940018.08,0.0055,ETH,2020-12-20T19:05:46.698792Z
SNX,SNX,SNX,Synthetix Network Token,https://s3.us-east-2.amazonaws.com/nomics-api/static/images/currencies/SNX.png,active,2.34153331,2022-06-30T00:00:00Z,2022-06-30T02:25:00Z,226851982,277886449,531181473,0.0006,148,1089,16,2018-03-15T00:00:00Z,2018-03-15T00:00:00Z,2019-05-15T00:00:00Z,83,-4,27.15814772,2021-02-12T00:00:00Z,184027927.20,-0.25695966,-0.0989,-11687723.06,-0.0597,-55796556.58,-0.0951,ETH,
WAVES,WAVES,WAVES,Waves,https://s3.us-east-2.amazonaws.com/nomics-api/static/images/currencies/WAVES.png,active,5.28805176,2022-06-30T00:00:00Z,2022-06-30T02:25:00Z,100000000,100000000,528805176,0.0006,107,1677,6151,2016-06-20T00:00:00Z,2016-11-15T00:00:00Z,2018-08-29T00:00:00Z,84,-1,54.65913372,2022-03-31T00:00:00Z,333222480.08,-0.18555584,-0.0339,4797896.56,0.0146,-18555584.16,-0.0339,WAVES,
CHZ,CHZ,CHZ,Chiliz,https://s3.us-east-2.amazonaws.com/nomics-api/static/images/currencies/CHZ.png,active,0.098350989,2022-06-30T00:00:00Z,2022-06-30T02:25:00Z,5344064580,8888888888,525594036,0.0006,117,303,4,2019-06-29T00:00:00Z,2019-06-29T00:00:00Z,2019-07-17T00:00:00Z,85,-4,0.71201491,2021-04-16T00:00:00Z,208743137.96,-0.0064530918,-0.0616,-452874697.77,-0.6845,-34485739.13,-0.0616,CHZ,
DFI,DFI,DFI,DeFiChain,https://s3.us-east-2.amazonaws.com/nomics-api/static/images/currencies/DFI.jpg,active,0.94728658,2022-06-30T00:00:00Z,2022-06-30T02:24:00Z,543544763,1200000000,514892661,0.0006,8,32,0,2020-06-17T00:00:00Z,2021-03-31T00:00:00Z,2020-06-17T00:00:00Z,86,3,5.51216167,2021-12-05T00:00:00Z,6861103.06,0.025470501,0.0276,864705.97,0.1442,14382166.26,0.0287,,
TITAN3,TITAN3,TITAN,TitanSwap,https://s3.us-east-2.amazonaws.com/nomics-api/static/images/currencies/TITAN3.jpg,active,5.04835595,2022-06-30T00:00:00Z,2022-06-30T02:25:00Z,100000000,10000000000,504835595,0.0005,14,21,0,2020-09-13T00:00:00Z,2020-09-13T00:00:00Z,2020-09-24T00:00:00Z,87,-1,9.06031760,2021-07-09T00:00:00Z,12828408.01,-0.16423907,-0.0315,3935293.38,0.4425,-16423907.02,-0.0315,ETH,2020-10-28T18:55:07.646195Z
CUSDT,CUSDT,CUSDT,Compound USDT,https://s3.us-east-2.amazonaws.com/nomics-api/static/images/currencies/CUSDT.png,active,0.021918432,2022-06-30T00:00:00Z,2022-06-30T02:24:00Z,21691221853,21691221853,475437574,0.0005,9,67,0,2020-05-02T00:00:00Z,2020-06-15T00:00:00Z,2020-06-19T00:00:00Z,88,5,0.022226859,2022-05-12T00:00:00Z,2876336.48,0.000016659960,0.0008,1520014.98,1.1207,361374.88,0.0008,ETH,
LRC,LRC,LRC,Loopring,https://s3.us-east-2.amazonaws.com/nomics-api/static/images/currencies/LRC.jpg,active,0.38130513,2022-06-30T00:00:00Z,2022-06-30T02:25:00Z,1245991469,1373873437,475102940,0.0005,137,512,5,2017-07-09T00:00:00Z,2017-09-01T00:00:00Z,2018-08-29T00:00:00Z,89,2,3.40080374,2021-11-24T00:00:00Z,86888271.74,-0.014354640,-0.0363,9603564.92,0.1243,-17885758.56,-0.0363,ETH,
DASH,DASH,DASH,Dash,https://s3.us-east-2.amazonaws.com/nomics-api/static/images/currencies/dash.svg,active,43.56852648,2022-06-30T00:00:00Z,2022-06-30T02:25:00Z,10798000,18920000,470452956,0.0005,223,995,181,2014-02-07T00:00:00Z,2014-02-07T00:00:00Z,2018-08-29T00:00:00Z,90,-3,1440.09321801,2017-12-20T00:00:00Z,122650604.97,-3.39709764,-0.0723,7102457.42,0.0615,-36617844.98,-0.0722,,
ENJ,ENJ,ENJ,Enjin Coin,https://s3.us-east-2.amazonaws.com/nomics-api/static/images/currencies/enj.svg,active,0.50238651,2022-06-30T00:00:00Z,2022-06-30T02:25:00Z,934340660,1000000000,469400143,0.0005,160,397,1,2017-11-01T00:00:00Z,2017-11-01T00:00:00Z,2018-08-29T00:00:00Z,91,-3,4.49919289,2021-11-24T00:00:00Z,81554615.39,-0.035682548,-0.0663,-22945782.49,-0.2196,-33339655.14,-0.0663,ETH,
GMT7,GMT7,GMT,STEPN Governance Token,https://s3.us-east-2.amazonaws.com/nomics-api/static/images/currencies/GMT7.svg,active,0.84823208,2022-06-30T00:00:00Z,2022-06-30T02:25:00Z,541076770,5849193826,458958672,0.0005,41,70,0,2022-03-09T00:00:00Z,2022-03-09T00:00:00Z,2022-03-09T00:00:00Z,92,-2,3.84761839,2022-04-29T00:00:00Z,552429893.87,-0.062092912,-0.0682,-118871797.62,-0.1771,-34085963.64,-0.0691,SOL,2022-03-10T15:12:51.116825Z
CAKE,CAKE,CAKE,PancakeSwap,https://s3.us-east-2.amazonaws.com/nomics-api/static/images/currencies/CAKE.jpg,active,3.03577795,2022-06-30T00:00:00Z,2022-06-30T02:25:00Z,150080248,307093614,455610307,0.0005,132,2131,2355,2020-09-22T00:00:00Z,2020-09-22T00:00:00Z,2020-09-29T00:00:00Z,93,-1,42.71885483,2021-04-29T00:00:00Z,68315957.04,-0.17236710,-0.0537,-1196478.47,-0.0172,-26761575.10,-0.0555,BNB,2021-02-02T14:53:17.269368Z
XAUT,XAUT,XAUT,Tether Gold,https://s3.us-east-2.amazonaws.com/nomics-api/static/images/currencies/XAUT.png,active,1840.75142715,2022-06-30T00:00:00Z,2022-06-30T02:25:00Z,246524,,453790012,0.0005,13,48,0,2020-01-24T00:00:00Z,2020-01-24T00:00:00Z,2020-01-24T00:00:00Z,94,1,2044.74189219,2022-03-08T00:00:00Z,1975906.44,-14.51007674,-0.0078,209107.08,0.1184,-3577086.95,-0.0078,ETH,
AR,AR,AR,Arweave,https://s3.us-east-2.amazonaws.com/nomics-api/static/images/currencies/AR.jpeg,active,8.85576125,2022-06-30T00:00:00Z,2022-06-30T02:25:00Z,50108502,64598643,443748930,0.0005,41,67,0,2020-02-13T00:00:00Z,2020-06-20T00:00:00Z,2020-02-13T00:00:00Z,95,-1,85.92617203,2021-11-04T00:00:00Z,28408478.80,-0.49705753,-0.0531,7102374.61,0.3333,-24906808.33,-0.0531,,
KSM,KSM,KSM,Kusama,https://s3.us-east-2.amazonaws.com/nomics-api/static/images/currencies/KSM.jpg,active,48.23559152,2022-06-30T00:00:00Z,2022-06-30T02:25:00Z,8980098,10000000,433160343,0.0005,77,154,0,2019-07-31T00:00:00Z,2020-07-25T00:00:00Z,2019-12-31T00:00:00Z,96,0,597.30964566,2021-05-14T00:00:00Z,31899789.59,-2.40698613,-0.0475,-2381921.91,-0.0695,-21614971.52,-0.0475,,
AMP2,AMP2,AMP,AMP Token,https://s3.us-east-2.amazonaws.com/nomics-api/static/images/currencies/AMP2.jpg,active,0.0085568073,2022-06-30T00:00:00Z,2022-06-30T02:25:00Z,48013928909,99444059889,410845939,0.0004,29,61,2,2015-11-04T00:00:00Z,2017-11-22T00:00:00Z,2018-09-12T00:00:00Z,97,2,0.10879120,2021-06-16T00:00:00Z,2440771.36,-0.00026154464,-0.0297,-709060.74,-0.2251,-12557785.60,-0.0297,ETH,2020-12-08T16:40:31.111161Z
GALA,GALA,GALA,Gala,https://s3.us-east-2.amazonaws.com/nomics-api/static/images/currencies/GALA.jpg,active,0.054431336,2022-06-30T00:00:00Z,2022-06-30T02:25:00Z,7542496572,37747555968,410548167,0.0004,85,156,1,2020-09-13T00:00:00Z,2020-09-13T00:00:00Z,2020-09-14T00:00:00Z,98,-1,0.74455379,2021-11-25T00:00:00Z,483914758.81,-0.0032801579,-0.0568,-13475326.84,-0.0271,-24740579.41,-0.0568,ETH,2020-10-21T20:22:09.286688Z
KAVA,KAVA,KAVA,Kava,https://s3.us-east-2.amazonaws.com/nomics-api/static/images/currencies/KAVA.png,active,1.79992284,2022-06-30T00:00:00Z,2022-06-30T02:25:00Z,217883430,222842407,392173362,0.0004,50,85,0,2019-10-24T00:00:00Z,2019-10-25T00:00:00Z,2019-10-25T00:00:00Z,99,-1,8.58767321,2021-08-23T00:00:00Z,74354168.64,-0.16943014,-0.0860,-44866629.45,-0.3763,-35701677.19,-0.0834,BNB,
CELO,CELO,CELO,Celo,https://s3.us-east-2.amazonaws.com/nomics-api/static/images/currencies/CELO.svg,active,0.86624465,2022-06-30T00:00:00Z,2022-06-30T02:25:00Z,445012828,1000000000,385489981,0.0004,58,160,257,2020-05-15T00:00:00Z,2020-08-28T00:00:00Z,2020-05-21T00:00:00Z,100,1,7.61294726,2021-09-24T00:00:00Z,35834799.38,-0.028041891,-0.0314,1687145.37,0.0494,-7273239.51,-0.0185,CELO,